1231231231234,como andar,everton,person,2010,filipi
2342342342345,confederados,everton,person,2001,filipi
4564564564567,morte do rei ,igor,person,1999,filipi
2981230981238,caxumba,joarez,folha,2009,filipi
0981238908904,como ser um tranzudo,filipi,master,2018,filipi
0560981230984,aprende com o papai,fredegunda,person,2018,filipi
8901238908765,o filipi monstrao,esquerdinha,mitos,2017,filipi
7891237898673,mais uma mitada,judite,mitos,2018,filipi
8762138761366,ja falei que ele e mito,filipao,person,2018,filipi
7651236781238,cabana,roberto,papel,2000,filipi
7896784562345,django como ficar fera,linus,person,2001,filipi
1238901238974,seja um imortal,dracula,master,1750,filipi